,제목,가격
0,The Sims™ 4,Free
1,The Sims™ 4 Seasons,"₩ 17,600"
2,The Sims™ 4 City Living,"₩ 17,600"
3,The Sims™ 4 Parenthood,"₩ 13,200"
4,The Sims™ 4 Vampires,"₩ 13,200"
5,The Sims™ 4 Get Famous,"₩ 17,600"
6,The Sims™ 4 Island Living,"₩ 17,600"
7,The Sims™ 4 Discover University,"₩ 17,600"
8,The Sims™ 4 Get Together,"₩ 17,600"
9,The Sims™ 4 Lovestruck Expansion Pack,"₩ 33,000"
10,The Sims™ 4 Get To Work,"₩ 17,600"
11,The Sims™ 4 Cats & Dogs,"₩ 17,600"
12,The Sims™ 4 Eco Lifestyle,"₩ 17,600"
13,The Sims™ 4 Cottage Living Expansion Pack,"₩ 17,600"
14,The Sims™ 4 For Rent Expansion Pack,"₩ 22,000"
15,The Sims™ 4 Life & Death Expansion Pack,"₩ 44,000"
16,The Sims™ 4 Growing Together Expansion Pack,"₩ 17,600"
17,The Sims™ 4 Horse Ranch Expansion Pack,"₩ 17,600"
18,The Sims™ 4 Outdoor Retreat,"₩ 13,200"
19,The Sims™ 4 Everyday Sims Bundle,"₩ 35,410"
20,The Sims™ 4 Jungle Adventure,"₩ 13,200"
21,The Sims™ 4 High School Years Expansion Pack,"₩ 17,600"
22,The Sims™ 4 StrangerVille,"₩ 13,200"
23,The Sims™ 4 Realm of Magic,"₩ 13,200"
24,The Sims™ 4 Snowy Escape Expansion Pack,"₩ 17,600"
25,The Sims™ 4 Werewolves Game Pack,"₩ 13,200"
26,The Sims™ 4 Dine Out,"₩ 13,200"
27,The Sims™ 4 Fitness Stuff,"₩ 7,700"
28,The Sims™ 4 Moschino Stuff,"₩ 7,700"
29,The Sims™ 4 Toddler Stuff,"₩ 7,700"
30,The Sims™ 4 Tiny Living Stuff,"₩ 7,700"
31,The Sims™ 4 Spooky Stuff,"₩ 7,700"
32,The Sims™ 4 Laundry Day Stuff,"₩ 7,700"
33,The Sims™ 4 Backyard Stuff,"₩ 7,700"
34,The Sims™ 4 Vintage Glamour Stuff,"₩ 7,700"
35,The Sims™ 4 Spa Day Game Pack,"₩ 13,200"
36,The Sims™ 4 Cool Kitchen Stuff,"₩ 7,700"
37,The Sims™ 4 Bowling Night Stuff,"₩ 7,700"
38,The Sims™ 4 Paranormal Stuff Pack,"₩ 7,700"
39,The Sims™ 4 Storybook Nursery Kit,"₩ 5,500"
40,The Sims™ 4 Movie Hangout Stuff,"₩ 7,700"
41,The Sims™ 4 Greenhouse Haven Kit,"₩ 5,500"
42,The Sims™ 4 Perfect Patio Stuff,"₩ 7,700"
43,The Sims™ 4 Modern Luxe Kit,"₩ 5,500"
44,The Sims™ 4 Kids Room Stuff,"₩ 7,700"
45,The Sims™ 4 Basement Treasures Kit,"₩ 5,500"
46,The Sims™ 4 Incheon Arrivals Kit,"₩ 5,500"
47,The Sims™ 4 Book Nook Kit,"₩ 5,500"
48,The Sims™ 4 Pastel Pop Kit,"₩ 5,500"
49,The Sims™ 4 Crystal Creations Stuff Pack,"₩ 7,700"
50,The Sims™ 4 Little Campers Kit,"₩ 5,500"
51,The Sims™ 4 Cozy Bistro Kit,"₩ 5,500"
52,The Sims™ 4 Blooming Rooms Kit,"₩ 5,500"
53,The Sims™ 4 Goth Galore Kit,"₩ 5,500"
54,The Sims™ 4 Industrial Loft Kit,"₩ 5,500"
55,The Sims™ 4 Luxury Party Stuff,"₩ 7,700"
56,The Sims™ 4 Castle Estate Kit,"₩ 5,500"
57,The Sims™ 4 Everyday Clutter Kit,"₩ 5,500"
58,The Sims™ 4 Country Kitchen Kit,"₩ 5,500"
59,The Sims™ 4 Party Essentials Kit,"₩ 5,500"
60,The Sims™ 4 Romantic Garden Stuff,"₩ 7,700"
61,The Sims™ 4 Dream Home Decorator Game Pack,"₩ 13,200"
62,The Sims™ 4 Love & Family Bundle,"₩ 43,130"
63,The Sims™ 4 Simtimates Collection Kit,"₩ 5,500"
64,The Sims™ 4 Bathroom Clutter Kit,"₩ 5,500"
65,The Sims™ 4 Poolside Splash Kit,"₩ 5,500"
66,The Sims™ 4 Courtyard Oasis Kit,"₩ 5,500"
67,The Sims™ 4 First Fits Kit,"₩ 5,500"
68,The Sims™ 4 Digital Deluxe Upgrade,"₩ 11,000"
69,The Sims™ 4 Grunge Revival Kit,"₩ 5,500"
70,The Sims™ 4 Nifty Knitting Stuff Pack,"₩ 7,700"
71,The Sims™ 4 Carnaval Streetwear Kit,"₩ 5,500"
72,The Sims™ 4 Home Chef Hustle Stuff Pack,"₩ 7,700"
73,The Sims™ 4 Moonlight Chic Kit,"₩ 5,500"
74,The Sims™ 4 Decorator's Dream Bundle,"₩ 35,410"
75,The Sims™ 4 Holiday Celebration Pack,Free
76,The Sims™ 4 Throwback Fit Kit,"₩ 5,500"
77,The Sims™ 4 Pet Lovers Bundle,"₩ 35,410"
78,The Sims™ 4 Cozy Kitsch Kit,"₩ 5,500"
79,The Sims™ 4 Get Dating Bundle,"₩ 38,500"
80,The Sims™ 4 Artist Studio Kit,"₩ 5,500"
81,The Sims™ 4 Urban Homage Kit,"₩ 5,500"
82,The Sims™ 4 Desert Luxe Kit,"₩ 5,500"
83,The Sims™ 4 Riviera Retreat Kit,"₩ 5,500"
84,The Sims™ 4 My Wedding Stories Game Pack,"₩ 13,200"
85,The Sims™ 4 Modern Menswear Kit,"₩ 5,500"
86,The Sims™ 4 Sweet Slumber Party Kit,"₩ 5,500"
87,The Sims™ 4 Fashion Street Kit,"₩ 5,500"
88,The Sims™ 4 My First Pet Stuff,"₩ 7,700"
89,The Sims™ 4 Decor to the Max Kit,"₩ 5,500"
90,The Sims™ 4 Bust the Dust Kit,"₩ 5,500"
91,The Sims™ 4 Star Wars™: Journey to Batuu Game Pack,"₩ 13,200"
